{"normalise": {"targets_WATER_VOLUME": {"max": {"rihand": 5.649}, "min": {"rihand": 0.094}}}, "zscore": {"tigge_t2m": {"mean": {"rihand": 272.32304236144677}, "std": {"rihand": 74.92224808384438}}}, "std_norm": {"chirps_precip": {"std": {"rihand": 7.8513082185532275}}, "tigge_tp": {"std": {"rihand": 7.283486552865987}}, "shift_targets_WATER_VOLUME": {"std": {"rihand": 0.025895954858004805}}}}
