{"normalise": {"targets_WATER_VOLUME": {"max": {"kangsabati": 0.914, "konar": 0.176, "maithon": 0.471, "periyar": 0.173, "tenughat": 0.821, "tilaiya": 0.142}, "min": {"kangsabati": 0.01, "konar": 0.026, "maithon": 0.033, "periyar": 0.0, "tenughat": 0.03, "tilaiya": 0.0}}}, "zscore": {"tigge_t2m": {"mean": {"kangsabati": 272.97768419841265, "konar": 272.4630732616893, "maithon": 272.8559476020717, "periyar": 272.43075042323727, "tenughat": 272.1568141987966, "tilaiya": 273.1501765032817}, "std": {"kangsabati": 75.10711414666062, "konar": 74.96768591155696, "maithon": 75.07768890280616, "periyar": 74.95582711582686, "tenughat": 74.88024819003793, "tilaiya": 75.1887191304367}}}, "std_norm": {"chirps_precip": {"std": {"kangsabati": 8.53637637972415, "konar": 7.98776636198606, "maithon": 7.842524677340906, "periyar": 8.015028581892286, "tenughat": 7.98529184680319, "tilaiya": 7.980573224912495}}, "tigge_tp": {"std": {"kangsabati": 6.556336844514928, "konar": 6.447516591869376, "maithon": 6.219081979307162, "periyar": 6.194975646369385, "tenughat": 6.695320611335225, "tilaiya": 7.067173690867514}}, "shift_targets_WATER_VOLUME": {"std": {"kangsabati": 0.027191047444284917, "konar": 0.016184871099449036, "maithon": 0.04130899445243019, "periyar": 0.025326224351628533, "tenughat": 0.027149858270509843, "tilaiya": 0.026359383644961057}}}}
