{"normalise": {"targets_WATER_VOLUME": {"max": {"balimela": 2.676, "bhandardara": 0.304, "isapur": 0.965, "jayakwadi_nath_sagar": 2.171, "lower_manair_g_v_sudhakar_rao": 0.621, "machkund_jalaput": 0.893, "mula": 0.609, "pench": 1.091, "sanjay_sarovar_upper_wainganga_": 0.421, "sriramsagar": 2.3, "upper_kolab": 0.868, "upper_wardha": 0.564, "yeldari": 0.809}, "min": {"balimela": 0.0, "bhandardara": 0.0, "isapur": 0.0, "jayakwadi_nath_sagar": 0.0, "lower_manair_g_v_sudhakar_rao": 0.06, "machkund_jalaput": 0.0, "mula": 0.0, "pench": 0.0, "sanjay_sarovar_upper_wainganga_": 0.0, "sriramsagar": 0.0, "upper_kolab": 0.017, "upper_wardha": 0.063, "yeldari": 0.0}}}, "zscore": {"tigge_t2m": {"mean": {"balimela": 273.6415394617379, "bhandardara": 273.1857206812608, "isapur": 274.23456527289056, "jayakwadi_nath_sagar": 273.167080323753, "lower_manair_g_v_sudhakar_rao": 274.7856070897871, "machkund_jalaput": 271.84335057962255, "mula": 272.4401632285858, "pench": 272.63138301921055, "sanjay_sarovar_upper_wainganga_": 272.6707767963893, "sriramsagar": 274.2886942756471, "upper_kolab": 272.29564436046115, "upper_wardha": 273.1672513641375, "yeldari": 273.88050039592514}, "std": {"balimela": 75.17746667601344, "bhandardara": 75.01792218045055, "isapur": 75.34534977020972, "jayakwadi_nath_sagar": 75.02440015823755, "lower_manair_g_v_sudhakar_rao": 75.48314568712853, "machkund_jalaput": 74.67835355966291, "mula": 74.81969184126743, "pench": 74.9565188384556, "sanjay_sarovar_upper_wainganga_": 74.973044435332, "sriramsagar": 75.35046830520426, "upper_kolab": 74.8162980039256, "upper_wardha": 75.09232620165318, "yeldari": 75.23991787755592}}}, "std_norm": {"chirps_precip": {"std": {"balimela": 8.690990205697599, "bhandardara": 11.168984674991359, "isapur": 6.435717090367084, "jayakwadi_nath_sagar": 5.691851374037461, "lower_manair_g_v_sudhakar_rao": 6.450751752250231, "machkund_jalaput": 8.765062139985114, "mula": 6.243266331063229, "pench": 9.05155134952586, "sanjay_sarovar_upper_wainganga_": 9.016316136929943, "sriramsagar": 5.937944803106809, "upper_kolab": 9.414781521835504, "upper_wardha": 7.966573580073174, "yeldari": 5.885050009105038}}, "tigge_tp": {"std": {"balimela": 9.828401287592822, "bhandardara": 13.993721562398598, "isapur": 7.298800096066075, "jayakwadi_nath_sagar": 7.2667009185192475, "lower_manair_g_v_sudhakar_rao": 6.694615823816295, "machkund_jalaput": 11.106052511980643, "mula": 8.156558706907644, "pench": 9.80637248134737, "sanjay_sarovar_upper_wainganga_": 9.66038758491317, "sriramsagar": 5.941641142704676, "upper_kolab": 9.768027050108865, "upper_wardha": 9.729581947547523, "yeldari": 6.925299910724382}}, "shift_targets_WATER_VOLUME": {"std": {"balimela": 0.010058553074064822, "bhandardara": 0.012449034663778617, "isapur": 0.010205525232835144, "jayakwadi_nath_sagar": 0.01466339065225824, "lower_manair_g_v_sudhakar_rao": 0.02400127325722079, "machkund_jalaput": 0.011189225414108104, "mula": 0.011743937495245877, "pench": 0.010117229373323692, "sanjay_sarovar_upper_wainganga_": 0.014122714000902292, "sriramsagar": 0.012661096963526231, "upper_kolab": 0.012709699987345037, "upper_wardha": 0.02302472167791735, "yeldari": 0.010175303600028645}}}}
