{"normalise": {"targets_WATER_VOLUME": {"max": {"supa": 4.12, "upper_indrawati": 1.456, "yeleru": 0.508}, "min": {"supa": 0.107, "upper_indrawati": 0.025, "yeleru": 0.0}}}, "zscore": {"tigge_t2m": {"mean": {"supa": 274.4846721381158, "upper_indrawati": 274.4846721381158, "yeleru": 272.7553440910659}, "std": {"supa": 75.35409704984771, "upper_indrawati": 75.35409704984771, "yeleru": 74.87379813003913}}}, "std_norm": {"chirps_precip": {"std": {"supa": 16.672063842861572, "upper_indrawati": 16.672063842861572, "yeleru": 9.03590944414115}}, "tigge_tp": {"std": {"supa": 17.307637805152083, "upper_indrawati": 17.307637805152083, "yeleru": 11.912092222607846}}, "shift_targets_WATER_VOLUME": {"std": {"supa": 0.011859729713563532, "upper_indrawati": 0.01854469904250337, "yeleru": 0.00815252456105951}}}}
