{"normalise": {"targets_WATER_VOLUME": {"max": {"harangi": 0.22, "hemavathy": 0.927, "kabini": 0.444, "krishnaraja_sagar": 1.163, "lower_bhawani": 0.792, "mettur": 2.647, "narayanapura": 0.863}, "min": {"harangi": 0.0, "hemavathy": 0.0, "kabini": 0.0, "krishnaraja_sagar": 0.0, "lower_bhawani": 0.024, "mettur": 0.001, "narayanapura": 0.059}}}, "zscore": {"tigge_t2m": {"mean": {"harangi": 272.73034528204823, "hemavathy": 271.8601003968275, "kabini": 272.3646105399872, "krishnaraja_sagar": 271.7337366498976, "lower_bhawani": 270.6623976785643, "mettur": 272.2351064876654, "narayanapura": 272.2351064876654}, "std": {"harangi": 74.86220574878261, "hemavathy": 74.62542374070189, "kabini": 74.76103529915267, "krishnaraja_sagar": 74.59045631538359, "lower_bhawani": 74.29673276097631, "mettur": 74.73256844791308, "narayanapura": 74.73256844791308}}}, "std_norm": {"chirps_precip": {"std": {"harangi": 18.75918993274373, "hemavathy": 10.283371021959272, "kabini": 12.470861530838718, "krishnaraja_sagar": 8.652563831297451, "lower_bhawani": 6.558939031606693, "mettur": 5.10272547540001, "narayanapura": 5.10272547540001}}, "tigge_tp": {"std": {"harangi": 15.389726397790824, "hemavathy": 10.621286335216526, "kabini": 10.096438936746758, "krishnaraja_sagar": 7.98074936625843, "lower_bhawani": 6.7469906576699445, "mettur": 4.267702917920234, "narayanapura": 4.267702917920234}}, "shift_targets_WATER_VOLUME": {"std": {"harangi": 0.020038050248009615, "hemavathy": 0.01069520677407404, "kabini": 0.014246971649563733, "krishnaraja_sagar": 0.012115440092245034, "lower_bhawani": 0.013303295592445884, "mettur": 0.01368284914935378, "narayanapura": 0.021890212550302223}}}}
