{"normalise": {"targets_WATER_VOLUME": {"max": {"almatti": 3.105, "bhadra": 1.785, "bhatghar": 0.667, "bhima_ujjani": 1.517, "dhom": 0.331, "dudhganga": 0.664, "ghatprabha_hidkal": 1.391, "khadakwasla": 0.056, "koyana_shivaji_sagar": 2.652, "malaprabha": 0.972, "manikdoh": 0.288, "nagarjuna_sagar": 6.841, "niradevghar": 0.332, "panchet": 0.184, "srisailam": 8.288, "tungabhadra": 3.276, "urmodi": 0.273, "vanivilasa_sagar": 0.802}, "min": {"almatti": 0.0, "bhadra": 0.0, "bhatghar": 0.009, "bhima_ujjani": 0.0, "dhom": 0.001, "dudhganga": 0.0, "ghatprabha_hidkal": 0.0, "khadakwasla": 0.004, "koyana_shivaji_sagar": 0.055, "malaprabha": 0.0, "manikdoh": 0.001, "nagarjuna_sagar": 0.0, "niradevghar": 0.0, "panchet": 0.005, "srisailam": 0.0, "tungabhadra": 0.025, "urmodi": 0.015, "vanivilasa_sagar": 0.002}}}, "zscore": {"tigge_t2m": {"mean": {"almatti": 273.3182872243519, "bhadra": 272.7219297597216, "bhatghar": 272.80216436919795, "bhima_ujjani": 272.7219297597216, "dhom": 273.27826106835676, "dudhganga": 274.2504191505136, "ghatprabha_hidkal": 272.2816138963828, "khadakwasla": 273.3813078324786, "koyana_shivaji_sagar": 273.6738233372389, "malaprabha": 272.86119431950385, "manikdoh": 273.86761351072585, "nagarjuna_sagar": 274.23032910899934, "niradevghar": 272.80216436919795, "panchet": 273.6398504644632, "srisailam": 274.16695576248884, "tungabhadra": 273.3813078324786, "urmodi": 273.50161935940855, "vanivilasa_sagar": 272.2816138963828}, "std": {"almatti": 75.03558351552407, "bhadra": 74.8623149893141, "bhatghar": 74.90576147437386, "bhima_ujjani": 74.8623149893141, "dhom": 75.03355644470898, "dudhganga": 75.28859147078639, "ghatprabha_hidkal": 74.74322935044496, "khadakwasla": 75.0433393229566, "koyana_shivaji_sagar": 75.1412584263991, "malaprabha": 74.90385019763666, "manikdoh": 75.20890809898081, "nagarjuna_sagar": 75.31240216380807, "niradevghar": 74.90576147437386, "panchet": 75.12335421969043, "srisailam": 75.27887041710599, "tungabhadra": 75.0433393229566, "urmodi": 75.09487620132198, "vanivilasa_sagar": 74.74322935044496}}}, "std_norm": {"chirps_precip": {"std": {"almatti": 6.460166757439671, "bhadra": 16.587012986779015, "bhatghar": 11.553579941738226, "bhima_ujjani": 16.587012986779015, "dhom": 13.424028067327953, "dudhganga": 16.576382491392945, "ghatprabha_hidkal": 4.951105771441402, "khadakwasla": 6.035234381102591, "koyana_shivaji_sagar": 16.739189774389647, "malaprabha": 7.989741746002945, "manikdoh": 10.79365380535112, "nagarjuna_sagar": 5.412312921570285, "niradevghar": 13.854243603297515, "panchet": 3.9033954979982055, "srisailam": 3.964493328142047, "tungabhadra": 6.035234381102591, "urmodi": 14.281596439399829, "vanivilasa_sagar": 4.951105771441402}}, "tigge_tp": {"std": {"almatti": 8.254656246561167, "bhadra": 11.930016760749321, "bhatghar": 16.93396213834351, "bhima_ujjani": 11.930016760749321, "dhom": 18.629445883034194, "dudhganga": 15.898212611128232, "ghatprabha_hidkal": 5.792208637435523, "khadakwasla": 6.492239105571862, "koyana_shivaji_sagar": 20.01118436860788, "malaprabha": 10.116321879461262, "manikdoh": 18.34147213689241, "nagarjuna_sagar": 5.564882791037466, "niradevghar": 16.93396213834351, "panchet": 4.734744369905776, "srisailam": 4.291632174428715, "tungabhadra": 6.492239105571862, "urmodi": 20.157408979790304, "vanivilasa_sagar": 5.792208637435523}}, "shift_targets_WATER_VOLUME": {"std": {"almatti": 0.017431835185559196, "bhadra": 0.01480313456563843, "bhatghar": 0.018489939624416425, "bhima_ujjani": 0.021779831623305594, "dhom": 0.02196112465302819, "dudhganga": 0.018581249022937115, "ghatprabha_hidkal": 0.02076871247540178, "khadakwasla": 0.032097083583328447, "koyana_shivaji_sagar": 0.010762253339092434, "malaprabha": 0.019408404531347515, "manikdoh": 0.03843602023442961, "nagarjuna_sagar": 0.017414217326179805, "niradevghar": 0.017047422836783985, "panchet": 0.036219714635801356, "srisailam": 0.0334977388376523, "tungabhadra": 0.02666410802605942, "urmodi": 0.00755606732033068, "vanivilasa_sagar": 0.020916240855698133}}}}
