{"normalise": {"targets_WATER_VOLUME": {"max": {"hirakud": 5.378, "mahanadi_ravishankar_sagar": 0.767, "minimata_bangoi_hasdeo": 3.046}, "min": {"hirakud": 0.233, "mahanadi_ravishankar_sagar": 0.068, "minimata_bangoi_hasdeo": 0.014}}}, "zscore": {"tigge_t2m": {"mean": {"hirakud": 273.1694119103965, "mahanadi_ravishankar_sagar": 273.96201342514803, "minimata_bangoi_hasdeo": 272.1143098221204}, "std": {"hirakud": 75.11782945673602, "mahanadi_ravishankar_sagar": 75.31385164615145, "minimata_bangoi_hasdeo": 74.85228788198663}}}, "std_norm": {"chirps_precip": {"std": {"hirakud": 7.858530672931167, "mahanadi_ravishankar_sagar": 8.609715891163198, "minimata_bangoi_hasdeo": 8.211994727896153}}, "tigge_tp": {"std": {"hirakud": 7.120530948010882, "mahanadi_ravishankar_sagar": 9.42689992316892, "minimata_bangoi_hasdeo": 7.5767939468193655}}, "shift_targets_WATER_VOLUME": {"std": {"hirakud": 0.01763269792740376, "mahanadi_ravishankar_sagar": 0.018163139437221844, "minimata_bangoi_hasdeo": 0.02198487422308169}}}}
