{"normalise": {"targets_WATER_VOLUME": {"max": {"bargi": 3.18, "barna": 0.456, "indirasagar": 9.745, "karjan": 0.523, "kolar": 0.267, "sardar_sarovar": 1.566, "sukhi_tank": 0.167, "tawa": 1.944}, "min": {"bargi": 0.13, "barna": 0.0, "indirasagar": 0.084, "karjan": 0.038, "kolar": 0.012, "sardar_sarovar": 0.0, "sukhi_tank": 0.0, "tawa": 0.066}}}, "zscore": {"tigge_t2m": {"mean": {"bargi": 272.2620748890245, "barna": 272.87204614725215, "indirasagar": 273.3139338089551, "karjan": 274.6184451912044, "kolar": 273.1413676701145, "sardar_sarovar": 273.87021834967703, "sukhi_tank": 274.3096235647562, "tawa": 273.2640025819393}, "std": {"bargi": 74.88415226737975, "barna": 75.07691340684542, "indirasagar": 75.17633448634507, "karjan": 75.47264081097013, "kolar": 75.13209353150435, "sardar_sarovar": 75.27012435000827, "sukhi_tank": 75.40107954470935, "tawa": 75.15022628194744}}}, "std_norm": {"chirps_precip": {"std": {"bargi": 8.565924749854736, "barna": 10.498450510478053, "indirasagar": 8.544172349299352, "karjan": 9.864294811050298, "kolar": 9.978146501390903, "sardar_sarovar": 7.575657876817588, "sukhi_tank": 10.376427237879044, "tawa": 11.986948081277516}}, "tigge_tp": {"std": {"bargi": 8.950996919539635, "barna": 9.980519391958548, "indirasagar": 8.203794556502814, "karjan": 10.511423142238405, "kolar": 9.891457289468422, "sardar_sarovar": 8.639402809945992, "sukhi_tank": 10.180647129593147, "tawa": 11.0725058729991}}, "shift_targets_WATER_VOLUME": {"std": {"bargi": 0.011298605874422473, "barna": 0.022198005896792543, "indirasagar": 0.013362137897673728, "karjan": 0.02528473996396014, "kolar": 0.0082370204082887, "sardar_sarovar": 0.03494228224864877, "sukhi_tank": 0.015447756090758559, "tawa": 0.018372069276885616}}}}
