{"normalise": {"targets_WATER_VOLUME": {"max": {"gerusoppa": 0.127, "linganamakki": 4.294, "sholayar": 0.143}, "min": {"gerusoppa": 0.073, "linganamakki": 0.355, "sholayar": 0.0}}}, "zscore": {"tigge_t2m": {"mean": {"gerusoppa": 274.5477793832071, "linganamakki": 274.5477793832071, "sholayar": 274.5477793832071}, "std": {"gerusoppa": 75.35489294055895, "linganamakki": 75.35489294055895, "sholayar": 75.35489294055895}}}, "std_norm": {"chirps_precip": {"std": {"gerusoppa": 21.872311689324185, "linganamakki": 21.872311689324185, "sholayar": 21.872311689324185}}, "tigge_tp": {"std": {"gerusoppa": 14.556288494726992, "linganamakki": 14.556288494726992, "sholayar": 14.556288494726992}}, "shift_targets_WATER_VOLUME": {"std": {"gerusoppa": 0.08963403709020905, "linganamakki": 0.008782228390871612, "sholayar": 0.017001681958654303}}}}
