{"normalise": {"targets_WATER_VOLUME": {"max": {"girna": 0.524, "ukai": 6.615, "upper_tapi_hatnur": 0.255}, "min": {"girna": 0.0, "ukai": 0.042, "upper_tapi_hatnur": 0.0}}}, "zscore": {"tigge_t2m": {"mean": {"girna": 273.32743514274523, "ukai": 274.2025199944277, "upper_tapi_hatnur": 273.96283183402625}, "std": {"girna": 75.06763217584506, "ukai": 75.33231095912436, "upper_tapi_hatnur": 75.29446384876584}}}, "std_norm": {"chirps_precip": {"std": {"girna": 6.512137656629526, "ukai": 6.407359907844832, "upper_tapi_hatnur": 6.532227539883973}}, "tigge_tp": {"std": {"girna": 8.324920519734151, "ukai": 7.542096955289833, "upper_tapi_hatnur": 8.818015356696595}}, "shift_targets_WATER_VOLUME": {"std": {"girna": 0.00873270014517186, "ukai": 0.019433873822837115, "upper_tapi_hatnur": 0.03636643259655025}}}}
